axis,z_alert,z_error,MinC,MaxC,T_seconds,dt_s,resid_mu,resid_sigma
axis_1,1.65,2.57,0.14942465920577422,0.23274022676293318,5.673,1.891,-3.1579677144893343e-18,0.09056039951865105
axis_2,1.65,2.57,0.21579445627032673,0.33611621370590283,5.673,1.891,-9.473903143468002e-18,0.13078451895171317
axis_3,1.65,2.57,0.1989745714000685,0.30991796878677336,5.673,1.891,-1.2631870857957337e-17,0.12059064933337485
axis_4,1.65,2.57,0.16330916239644888,0.2543663923387113,5.673,1.891,-6.710681393289835e-18,0.09897524993724176
axis_5,1.65,2.57,0.16479821389066895,0.25668570284789044,5.673,1.891,1.973729821555834e-18,0.09987770538828422
axis_6,1.65,2.57,0.14099950434052658,0.219617409791002,5.673,1.891,3.947459643111668e-19,0.0854542450548646
axis_7,1.65,2.57,0.4336943334474517,0.6755117799757278,5.673,1.891,1.5789838572446672e-18,0.26284505057421315
axis_8,1.65,2.57,0.1155209019685555,0.17993255639950764,5.673,1.891,3.1579677144893343e-18,0.0700126678597306
